log,excluded_feature,structural,pattern,delta_cat,delta_num,n_significant,n_targets
BPI20_RequestForPayment_CZ,Activity,True,attr_level,0.01740490522767816,0.01265069835353644,3.0,9.0
BPI20_RequestForPayment_CZ,Activity,True,even,0.006335469654628231,0.017168816551566126,4.0,9.0
BPI20_RequestForPayment_CZ,Activity,True,odd,0.005899118525641289,0.01886766939423979,3.0,9.0
BPI20_RequestForPayment_CZ,Activity,True,random,-0.0022385128906794926,0.015114725101739158,3.0,9.0
BPI20_RequestForPayment_CZ,Activity,True,window,0.012523547240665987,0.0019231207668781512,3.0,9.0
BPI20_RequestForPayment_CZ,case:Activity,False,attr_level,0.003248390236071174,0.007910255668684852,1.0,9.0
BPI20_RequestForPayment_CZ,case:Activity,False,even,0.0008761107921600532,0.011709494679234926,1.0,9.0
BPI20_RequestForPayment_CZ,case:Activity,False,odd,-0.0008939368384225059,0.010625016456469892,0.0,9.0
BPI20_RequestForPayment_CZ,case:Activity,False,random,0.0023155561515263118,0.00957544054836033,0.0,9.0
BPI20_RequestForPayment_CZ,case:Activity,False,window,-0.001008687700544107,0.010106858634389936,0.0,9.0
BPI20_RequestForPayment_CZ,case:OrganizationalEntity,False,attr_level,0.0010690560298306426,0.01329563050530851,1.0,9.0
BPI20_RequestForPayment_CZ,case:OrganizationalEntity,False,even,-0.00011681658881049614,0.03160791262052953,3.0,9.0
BPI20_RequestForPayment_CZ,case:OrganizationalEntity,False,odd,-0.0029452426092965484,0.0370439725695178,3.0,9.0
BPI20_RequestForPayment_CZ,case:OrganizationalEntity,False,random,0.0022962570190429655,0.013904730323702097,2.0,9.0
BPI20_RequestForPayment_CZ,case:OrganizationalEntity,False,window,-0.0018593924386160715,0.009842210961505775,1.0,9.0
BPI20_RequestForPayment_CZ,case:Project,False,attr_level,0.0002614319324493434,0.021247756830416634,1.0,9.0
BPI20_RequestForPayment_CZ,case:Project,False,even,0.0011475316115788464,0.024443136062473076,1.0,9.0
BPI20_RequestForPayment_CZ,case:Project,False,odd,-0.00028502770832608944,0.029841278656385865,1.0,9.0
BPI20_RequestForPayment_CZ,case:Project,False,random,0.0003192118235996506,0.026585493609309195,1.0,9.0
BPI20_RequestForPayment_CZ,case:Project,False,window,0.0006744836057935379,0.023544814926572153,0.0,9.0
BPI20_RequestForPayment_CZ,case:RequestedAmount,False,attr_level,-0.000708908773958703,-0.00020564259029926934,2.0,9.0
BPI20_RequestForPayment_CZ,case:RequestedAmount,False,even,0.0009349413216114266,0.0004147608764469707,2.0,9.0
BPI20_RequestForPayment_CZ,case:RequestedAmount,False,odd,0.0018251188099384225,-7.377611473201925e-05,0.0,9.0
BPI20_RequestForPayment_CZ,case:RequestedAmount,False,random,0.0034710136707872177,5.420530214910076e-06,2.0,9.0
BPI20_RequestForPayment_CZ,case:RequestedAmount,False,window,-0.0009915977716445645,-5.538007244468984e-05,2.0,9.0
BPI20_RequestForPayment_CZ,case:RfpNumber,False,attr_level,-0.005759877817971382,-0.08273974333424122,2.0,9.0
BPI20_RequestForPayment_CZ,case:RfpNumber,False,even,-0.0013914712837764004,-0.01201336274389177,4.0,9.0
BPI20_RequestForPayment_CZ,case:RfpNumber,False,odd,-0.003783035278320341,-0.004981742100790143,2.0,9.0
BPI20_RequestForPayment_CZ,case:RfpNumber,False,random,-0.005923605816704909,-0.07849133452400568,4.0,9.0
BPI20_RequestForPayment_CZ,case:RfpNumber,False,window,-0.00474266665322441,-0.01795306734275072,2.0,9.0
BPI20_RequestForPayment_CZ,case:Task,False,attr_level,0.0029188074171542927,0.0023223115829750984,1.0,9.0
BPI20_RequestForPayment_CZ,case:Task,False,even,6.871478898184957e-05,0.009070377680473037,2.0,9.0
BPI20_RequestForPayment_CZ,case:Task,False,odd,0.0004966327122279481,0.011524559045210494,0.0,9.0
BPI20_RequestForPayment_CZ,case:Task,False,random,-0.0023924946784973367,0.0051389159867540135,1.0,9.0
BPI20_RequestForPayment_CZ,case:Task,False,window,-0.001880655969892239,-9.449312929061702e-05,1.0,9.0
BPI20_RequestForPayment_CZ,org:resource,False,attr_level,0.007747273732508913,0.0006219092290848404,1.0,9.0
BPI20_RequestForPayment_CZ,org:resource,False,even,0.0021919897624424717,0.02335614364128559,0.0,9.0
BPI20_RequestForPayment_CZ,org:resource,False,odd,-0.0002979823521205611,0.023634093673899785,0.0,9.0
BPI20_RequestForPayment_CZ,org:resource,False,random,-0.0035040880952562797,0.003835518867708747,1.0,9.0
BPI20_RequestForPayment_CZ,org:resource,False,window,-0.0003797769546508884,0.005441212607547657,1.0,9.0
BPI20_RequestForPayment_CZ,org:role,False,attr_level,0.003010092303156839,0.0005538639612495937,1.0,9.0
BPI20_RequestForPayment_CZ,org:role,False,even,-0.0005840735776083683,0.01601010458543897,2.0,9.0
BPI20_RequestForPayment_CZ,org:role,False,odd,-0.0013646594115666202,0.017933051008731132,1.0,9.0
BPI20_RequestForPayment_CZ,org:role,False,random,-0.008439178977693846,-0.0009550170041620794,1.0,9.0
BPI20_RequestForPayment_CZ,org:role,False,window,-0.0011909842491149966,-0.002165000163950001,1.0,9.0
BPI20_RequestForPayment_CZ,time:timestamp,False,attr_level,-0.0007760749664157945,-0.15176606476306914,3.0,9.0
BPI20_RequestForPayment_CZ,time:timestamp,False,even,0.0009319365024566956,-0.010064993053674712,2.0,9.0
BPI20_RequestForPayment_CZ,time:timestamp,False,odd,0.00023050233721731705,0.0014826234430074664,1.0,9.0
BPI20_RequestForPayment_CZ,time:timestamp,False,random,0.0012082614004611941,-0.14479730352759362,3.0,9.0
BPI20_RequestForPayment_CZ,time:timestamp,False,window,-6.380155682565725e-05,-0.01982350163161753,2.0,9.0
bpi_2012_CZ,(case) AMOUNT_REQ,False,attr_level,-0.018132352828979487,-0.010020649433136002,5.0,5.0
bpi_2012_CZ,(case) AMOUNT_REQ,False,even,-0.0035195827484131026,-0.0050510751083493,4.0,5.0
bpi_2012_CZ,(case) AMOUNT_REQ,False,odd,-0.003586484491825137,-0.005118859140202402,4.0,5.0
bpi_2012_CZ,(case) AMOUNT_REQ,False,random,-0.012477940320968633,-0.003646451234817511,5.0,5.0
bpi_2012_CZ,(case) AMOUNT_REQ,False,window,-0.008174858987331418,-0.0034964496269822096,5.0,5.0
bpi_2012_CZ,Activity,True,attr_level,0.12607729236284895,-0.012109211040660739,4.0,5.0
bpi_2012_CZ,Activity,True,even,0.10743225812911987,0.0004833997227251508,4.0,5.0
bpi_2012_CZ,Activity,True,odd,0.0986107508341471,-0.0019516518106684065,4.0,5.0
bpi_2012_CZ,Activity,True,random,0.06383333206176756,-0.0008203931152820617,4.0,5.0
bpi_2012_CZ,Activity,True,window,0.08296532630920406,-0.002060976834036394,4.0,5.0
bpi_2012_CZ,concept:name,False,attr_level,0.03279427289962774,-0.005917250737547886,4.0,5.0
bpi_2012_CZ,concept:name,False,even,0.001844855149586988,-0.0029427580302581165,1.0,5.0
bpi_2012_CZ,concept:name,False,odd,0.0021283666292826187,-0.0029410419985651873,0.0,5.0
bpi_2012_CZ,concept:name,False,random,-0.00063585837682086,-0.00366142564453185,0.0,5.0
bpi_2012_CZ,concept:name,False,window,0.0004573504130045425,0.0014648583717644364,0.0,5.0
bpi_2012_CZ,lifecycle:transition,False,attr_level,0.01729241808255518,-0.002645317092537876,2.0,5.0
bpi_2012_CZ,lifecycle:transition,False,even,0.0007726371288299857,0.002914949902333315,0.0,5.0
bpi_2012_CZ,lifecycle:transition,False,odd,0.0008438845475514286,0.003614559071138501,0.0,5.0
bpi_2012_CZ,lifecycle:transition,False,random,0.003432770570119222,-0.0016827578190714131,1.0,5.0
bpi_2012_CZ,lifecycle:transition,False,window,0.004924478133519483,-6.020928267388981e-05,2.0,5.0
bpi_2012_CZ,org:resource,False,attr_level,0.005186698834101426,-0.0008609508164227099,1.0,5.0
bpi_2012_CZ,org:resource,False,even,0.003979782263437907,0.0021565394243225526,1.0,5.0
bpi_2012_CZ,org:resource,False,odd,0.003422890106836903,0.001546820392832166,1.0,5.0
bpi_2012_CZ,org:resource,False,random,0.004145652055740394,0.001039498765021565,1.0,5.0
bpi_2012_CZ,org:resource,False,window,0.00766751368840531,-0.00028192060999570213,2.0,5.0
bpi_2012_CZ,time:timestamp,False,attr_level,-0.004568591713905307,-0.0035022631287574685,1.0,5.0
bpi_2012_CZ,time:timestamp,False,even,-0.0020657971501350514,-0.0004938919097185329,1.0,5.0
bpi_2012_CZ,time:timestamp,False,odd,-0.00197623074054723,-0.0010986221954226577,0.0,5.0
bpi_2012_CZ,time:timestamp,False,random,-0.004670168459415425,-0.0017561413347721294,1.0,5.0
bpi_2012_CZ,time:timestamp,False,window,-0.004193520545959478,-5.7103112339945694e-05,2.0,5.0
bpi_2013_CZ,Activity,True,attr_level,0.0426759043708444,-0.007349863089621076,5.0,11.0
bpi_2013_CZ,Activity,True,even,0.01888247601687908,-0.006296040490269685,5.0,11.0
bpi_2013_CZ,Activity,True,odd,0.02520688481628895,-0.004927240638062363,4.0,11.0
bpi_2013_CZ,Activity,True,random,0.012943537086248383,-0.007852047914639105,4.0,11.0
bpi_2013_CZ,Activity,True,window,0.021146789677441123,-0.005404224479571,4.0,11.0
bpi_2013_CZ,concept:name,False,attr_level,0.018406878039240848,-0.0017491385806351935,3.0,11.0
bpi_2013_CZ,concept:name,False,even,0.009668924063444124,-0.0026107045356184334,1.0,11.0
bpi_2013_CZ,concept:name,False,odd,0.009421694576740266,-0.0017736867535859124,2.0,11.0
bpi_2013_CZ,concept:name,False,random,0.0069416122883558164,-0.004231244372203954,1.0,11.0
bpi_2013_CZ,concept:name,False,window,0.0060840319842100175,-0.0024374387226999,1.0,11.0
bpi_2013_CZ,impact,False,attr_level,0.016296496167778986,0.0011222251690924008,2.0,11.0
bpi_2013_CZ,impact,False,even,0.014493785202503173,-0.002321698237210533,2.0,11.0
bpi_2013_CZ,impact,False,odd,0.015590465813875198,-0.0004037691280245684,4.0,11.0
bpi_2013_CZ,impact,False,random,0.011928007602691621,-0.002742313873022796,2.0,11.0
bpi_2013_CZ,impact,False,window,0.01113088078796865,-0.0012720166705548798,2.0,11.0
bpi_2013_CZ,lifecycle:transition,False,attr_level,0.025847660824656504,-0.002237914875149738,3.0,11.0
bpi_2013_CZ,lifecycle:transition,False,even,0.014672418981790534,-0.002299813367426417,3.0,11.0
bpi_2013_CZ,lifecycle:transition,False,odd,0.010847249925136577,-0.0017467185389250448,3.0,11.0
bpi_2013_CZ,lifecycle:transition,False,random,0.00938179157674311,-0.0019845599308609962,3.0,11.0
bpi_2013_CZ,lifecycle:transition,False,window,0.00681630596518519,-0.0020214727614074994,2.0,11.0
bpi_2013_CZ,org:group,False,attr_level,0.008838978037238144,0.00026703653857112694,0.0,11.0
bpi_2013_CZ,org:group,False,even,0.007860459089279154,-0.0007128627970815031,1.0,11.0
bpi_2013_CZ,org:group,False,odd,0.004326410442590722,4.482250660657605e-05,1.0,11.0
bpi_2013_CZ,org:group,False,random,0.005317211151123019,-0.0017470981925725923,0.0,11.0
bpi_2013_CZ,org:group,False,window,0.007415867745876323,-0.00088444361463191,0.0,11.0
bpi_2013_CZ,org:resource,False,attr_level,0.017701686918735533,-0.0012114549987018268,2.0,11.0
bpi_2013_CZ,org:resource,False,even,0.016155160814523672,-0.00110177276656033,2.0,11.0
bpi_2013_CZ,org:resource,False,odd,0.012429921180009856,-0.0012642940506338886,4.0,11.0
bpi_2013_CZ,org:resource,False,random,0.010327159762382498,-0.0012037435546517344,1.0,11.0
bpi_2013_CZ,org:resource,False,window,0.005323044210672384,-0.001668909192085271,2.0,11.0
bpi_2013_CZ,org:role,False,attr_level,0.01463161841034893,0.003990966547280563,2.0,11.0
bpi_2013_CZ,org:role,False,even,0.01832672886550426,0.0023639813996851333,2.0,11.0
bpi_2013_CZ,org:role,False,odd,0.01669843904674055,0.0032850441988557626,4.0,11.0
bpi_2013_CZ,org:role,False,random,0.01922514669597148,0.0008104726672172637,2.0,11.0
bpi_2013_CZ,org:role,False,window,0.016760344430804257,0.0016079937107860778,2.0,11.0
bpi_2013_CZ,organization country,False,attr_level,0.006800107136368768,-0.0033454041928052923,0.0,11.0
bpi_2013_CZ,organization country,False,even,0.009745025336742388,-0.004290840029716527,2.0,11.0
bpi_2013_CZ,organization country,False,odd,0.007282318770885482,-0.00391100253909827,2.0,11.0
bpi_2013_CZ,organization country,False,random,0.007816719487309444,-0.0048868158832192435,0.0,11.0
bpi_2013_CZ,organization country,False,window,0.008003755733370768,-0.00470191463828086,2.0,11.0
bpi_2013_CZ,organization involved,False,attr_level,0.0027763384580612367,-0.0011014089919626768,0.0,11.0
bpi_2013_CZ,organization involved,False,even,0.005149559229612322,-0.0013351323083043258,1.0,11.0
bpi_2013_CZ,organization involved,False,odd,0.006762013137340553,-0.0012331170029938228,0.0,11.0
bpi_2013_CZ,organization involved,False,random,0.0028033524006605055,-0.002711960859596716,0.0,11.0
bpi_2013_CZ,organization involved,False,window,0.0023340594768524263,-0.0025835935026407297,0.0,11.0
bpi_2013_CZ,product,False,attr_level,0.002762772589921961,-0.0012986701913177967,2.0,11.0
bpi_2013_CZ,product,False,even,0.00818114392459392,-0.002425516117364187,1.0,11.0
bpi_2013_CZ,product,False,odd,0.004978546202182776,-0.002332404628396033,0.0,11.0
bpi_2013_CZ,product,False,random,0.002461212947964654,-0.002656856738030903,0.0,11.0
bpi_2013_CZ,product,False,window,0.0019981577247381423,-0.00258838823065162,1.0,11.0
bpi_2013_CZ,resource country,False,attr_level,0.019134815037250542,0.005374524742364883,2.0,11.0
bpi_2013_CZ,resource country,False,even,0.017309194356203067,0.002841397933661914,4.0,11.0
bpi_2013_CZ,resource country,False,odd,0.015194764211773876,0.003793393075466167,3.0,11.0
bpi_2013_CZ,resource country,False,random,0.01610442146658897,0.0021588812582194854,2.0,11.0
bpi_2013_CZ,resource country,False,window,0.01299557752907276,0.002652902621775862,1.0,11.0
bpi_2013_CZ,time:timestamp,False,attr_level,0.02063319073481996,,3.0,11.0
bpi_2013_CZ,time:timestamp,False,even,0.021610017391768353,,4.0,11.0
bpi_2013_CZ,time:timestamp,False,odd,0.023816663162274807,,4.0,11.0
bpi_2013_CZ,time:timestamp,False,random,0.019196072830395247,,1.0,11.0
bpi_2013_CZ,time:timestamp,False,window,0.022565311803059138,,2.0,11.0
sp2020_CZ,Activity,True,attr_level,-0.004227461417516028,0.0001468211412429775,1.0,4.0
sp2020_CZ,Activity,True,even,0.0003999888896942065,0.0005515112541615904,1.0,4.0
sp2020_CZ,Activity,True,odd,0.0004465023676554214,0.000460505113005643,1.0,4.0
sp2020_CZ,Activity,True,random,-0.001380447546641017,8.271485567093104e-05,3.0,4.0
sp2020_CZ,Activity,True,window,8.565982182821379e-05,0.0002877360209822752,1.0,4.0
sp2020_CZ,DEVICETYPE,False,attr_level,-0.0035861750443776375,-0.0009371696040034322,1.0,4.0
sp2020_CZ,DEVICETYPE,False,even,-0.0037200450897216797,-0.0010624528862535915,1.0,4.0
sp2020_CZ,DEVICETYPE,False,odd,-0.003279759486516302,-0.0007935670204460583,1.0,4.0
sp2020_CZ,DEVICETYPE,False,random,-0.00285538037618005,-0.0008860221132636001,1.0,4.0
sp2020_CZ,DEVICETYPE,False,window,-0.002625511089960749,-0.0007636061869561589,1.0,4.0
sp2020_CZ,REPAIR_IN_TIME_5D,False,attr_level,-0.0029133339722950957,-0.0007543548941612403,1.0,4.0
sp2020_CZ,REPAIR_IN_TIME_5D,False,even,-0.0015515168507893213,-0.0007944743148982601,0.0,4.0
sp2020_CZ,REPAIR_IN_TIME_5D,False,odd,-0.0005358060201009854,-0.0005887732841074605,0.0,4.0
sp2020_CZ,REPAIR_IN_TIME_5D,False,random,-0.0027136961619059394,-0.0006630968302488473,0.0,4.0
sp2020_CZ,REPAIR_IN_TIME_5D,False,window,-0.0008124510447184244,-0.0006276105530559992,1.0,4.0
sp2020_CZ,org:resource,False,attr_level,0.008261785904566462,-0.0009115021675825119,1.0,4.0
sp2020_CZ,org:resource,False,even,0.005424020687739062,-0.0010005403310060518,1.0,4.0
sp2020_CZ,org:resource,False,odd,0.01417843898137409,-0.0007752239704132101,1.0,4.0
sp2020_CZ,org:resource,False,random,0.006830535332361849,-0.0008216097019612782,3.0,4.0
sp2020_CZ,org:resource,False,window,0.015249017874399843,-0.0007816617377102292,2.0,4.0
sp2020_CZ,time:timestamp,False,attr_level,-0.0020504966378211698,,1.0,4.0
sp2020_CZ,time:timestamp,False,even,-0.001054671406745894,,0.0,4.0
sp2020_CZ,time:timestamp,False,odd,-0.0008067503571510259,,0.0,4.0
sp2020_CZ,time:timestamp,False,random,-0.0022727206349372753,,1.0,4.0
sp2020_CZ,time:timestamp,False,window,-0.0010334849357604703,,1.0,4.0
